20:2 c:\Sikulix_scripts\git_sikulix_taximoney\sikulix_taximoney\captcha\2023-04-04-11-48-19.jpg|*
60:5 c:\Sikulix_scripts\git_sikulix_taximoney\sikulix_taximoney\captcha\2023-04-05-09-03-41.jpg
70:10 c:\Sikulix_scripts\git_sikulix_taximoney\sikulix_taximoney\captcha\2023-04-04-07-52-42.jpg
70:2 c:\Sikulix_scripts\git_sikulix_taximoney\sikulix_taximoney\captcha\2023-04-04-22-48-30.jpg
90:10 c:\Sikulix_scripts\git_sikulix_taximoney\sikulix_taximoney\captcha\2023-04-04-21-30-27.jpg
90:2 c:\Sikulix_scripts\git_sikulix_taximoney\sikulix_taximoney\captcha\2023-04-04-09-59-38.jpg
|1 плюс 1 + 4| c:\Sikulix_scripts\git_sikulix_taximoney\sikulix_taximoney\captcha\2023-04-05-08-18-35.jpg
|1 плюс 3 + 6| c:\Sikulix_scripts\git_sikulix_taximoney\sikulix_taximoney\captcha\2023-04-04-07-53-51.jpg|*
|1 плюс 6 + 3| c:\Sikulix_scripts\git_sikulix_taximoney\sikulix_taximoney\captcha\2023-04-04-22-08-26.jpg|*
|1 плюс 8 + 5| c:\Sikulix_scripts\git_sikulix_taximoney\sikulix_taximoney\captcha\2023-04-04-02-25-51.jpg
|3 + 4| c:\Sikulix_scripts\git_sikulix_taximoney\sikulix_taximoney\captcha\2023-04-03-10-18-01.jpg|*
|3 плюс 3 + 4| c:\Sikulix_scripts\git_sikulix_taximoney\sikulix_taximoney\captcha\2023-04-04-12-15-28.jpg|*
|3 плюс 4 + 5| c:\Sikulix_scripts\git_sikulix_taximoney\sikulix_taximoney\captcha\2023-04-04-23-39-17.jpg
|3 плюс 8 + 4| c:\Sikulix_scripts\git_sikulix_taximoney\sikulix_taximoney\captcha\2023-04-04-12-54-25.jpg
|30: 5| c:\Sikulix_scripts\git_sikulix_taximoney\sikulix_taximoney\captcha\2023-04-03-07-11-13.jpg|*
|30:2| c:\Sikulix_scripts\git_sikulix_taximoney\sikulix_taximoney\captcha\2023-04-03-14-11-42.jpg|*
|4 + 8| c:\Sikulix_scripts\git_sikulix_taximoney\sikulix_taximoney\captcha\2023-04-03-17-10-02.jpg|*
|4 плюс 5 + 1| c:\Sikulix_scripts\git_sikulix_taximoney\sikulix_taximoney\captcha\2023-04-04-11-02-06.jpg|*
|40 : 2| c:\Sikulix_scripts\git_sikulix_taximoney\sikulix_taximoney\captcha\2023-04-05-08-30-01.jpg
|5 + 6| c:\Sikulix_scripts\git_sikulix_taximoney\sikulix_taximoney\captcha\2023-04-05-12-03-32.jpg|*
|6 + 6 + 5| c:\Sikulix_scripts\git_sikulix_taximoney\sikulix_taximoney\captcha\2023-04-03-15-40-46.jpg|*
|6 плюс 8 + 8| c:\Sikulix_scripts\git_sikulix_taximoney\sikulix_taximoney\captcha\2023-04-05-00-11-36.jpg
|7 + 3| c:\Sikulix_scripts\git_sikulix_taximoney\sikulix_taximoney\captcha\2023-04-03-10-09-20.jpg|*
|7 + 5| c:\Sikulix_scripts\git_sikulix_taximoney\sikulix_taximoney\captcha\2023-04-05-10-32-22.jpg
|7 + 7| c:\Sikulix_scripts\git_sikulix_taximoney\sikulix_taximoney\captcha\2023-04-03-16-28-49.jpg|*
|7 плюс 7 + 2| c:\Sikulix_scripts\git_sikulix_taximoney\sikulix_taximoney\captcha\2023-04-03-01-17-03.jpg|*
|70 : 2| c:\Sikulix_scripts\git_sikulix_taximoney\sikulix_taximoney\captcha\2023-04-04-21-14-36.jpg
|70: 10| c:\Sikulix_scripts\git_sikulix_taximoney\sikulix_taximoney\captcha\2023-04-05-10-23-29.jpg
|8 плюс 2 + 7| c:\Sikulix_scripts\git_sikulix_taximoney\sikulix_taximoney\captcha\2023-04-04-21-57-02.jpg
|8 плюс 8 + 7| c:\Sikulix_scripts\git_sikulix_taximoney\sikulix_taximoney\captcha\2023-04-04-11-50-00.jpg
|8 плюс 8 + 8| c:\Sikulix_scripts\git_sikulix_taximoney\sikulix_taximoney\captcha\2023-04-04-13-35-14.jpg
|Выберите зеленый квадрат| c:\Sikulix_scripts\git_sikulix_taximoney\sikulix_taximoney\captcha\2023-04-03-07-10-41.jpg|*
|Выберите зеленый квадрат| c:\Sikulix_scripts\git_sikulix_taximoney\sikulix_taximoney\captcha\2023-04-03-10-51-04.jpg|*
|Выберите зеленый квадрат| c:\Sikulix_scripts\git_sikulix_taximoney\sikulix_taximoney\captcha\2023-04-03-10-58-11.jpg|*
|Выберите зеленый квадрат| c:\Sikulix_scripts\git_sikulix_taximoney\sikulix_taximoney\captcha\2023-04-03-10-58-42.jpg|*
|Выберите зеленый круг| c:\Sikulix_scripts\git_sikulix_taximoney\sikulix_taximoney\captcha\2023-04-03-01-56-26.jpg|*
|Выберите зеленый круг| c:\Sikulix_scripts\git_sikulix_taximoney\sikulix_taximoney\captcha\2023-04-04-13-33-38.jpg
|Выберите зеленый прямоугольник| c:\Sikulix_scripts\git_sikulix_taximoney\sikulix_taximoney\captcha\2023-04-04-11-49-30.jpg
|Выберите зеленый прямоугольник| c:\Sikulix_scripts\git_sikulix_taximoney\sikulix_taximoney\captcha\2023-04-05-00-04-14.jpg
|Выберите зеленый прямоугольник| c:\Sikulix_scripts\git_sikulix_taximoney\sikulix_taximoney\captcha\2023-04-05-07-43-31.jpg
|Выберите зеленый ромб| c:\Sikulix_scripts\git_sikulix_taximoney\sikulix_taximoney\captcha\2023-04-03-16-40-29.jpg|*
|Выберите зеленый ромб| c:\Sikulix_scripts\git_sikulix_taximoney\sikulix_taximoney\captcha\2023-04-03-17-37-42.jpg|*
|Выберите красный 10-угольник| c:\Sikulix_scripts\git_sikulix_taximoney\sikulix_taximoney\captcha\2023-04-03-12-29-00.jpg|*
|Выберите красный 10-угольник| c:\Sikulix_scripts\git_sikulix_taximoney\sikulix_taximoney\captcha\2023-04-03-12-31-37.jpg|*
|Выберите красный квадрат| c:\Sikulix_scripts\git_sikulix_taximoney\sikulix_taximoney\captcha\2023-04-03-01-56-58.jpg|*
|Выберите красный квадрат| c:\Sikulix_scripts\git_sikulix_taximoney\sikulix_taximoney\captcha\2023-04-03-10-56-36.jpg|*
|Выберите красный ромб| c:\Sikulix_scripts\git_sikulix_taximoney\sikulix_taximoney\captcha\2023-04-03-14-10-34.jpg
|Выберите красный ромб| c:\Sikulix_scripts\git_sikulix_taximoney\sikulix_taximoney\captcha\2023-04-03-14-15-25.jpg
|Выберите красный ромб| c:\Sikulix_scripts\git_sikulix_taximoney\sikulix_taximoney\captcha\2023-04-03-14-49-23.jpg
|Выберите розовый круг| c:\Sikulix_scripts\git_sikulix_taximoney\sikulix_taximoney\captcha\2023-04-03-14-08-50.jpg
|Выберите розовый ромб| c:\Sikulix_scripts\git_sikulix_taximoney\sikulix_taximoney\captcha\2023-04-03-06-12-38.jpg
|Выберите розовый треугольник| c:\Sikulix_scripts\git_sikulix_taximoney\sikulix_taximoney\captcha\2023-04-03-10-05-49.jpg|*
|Выберите розовый треугольник| c:\Sikulix_scripts\git_sikulix_taximoney\sikulix_taximoney\captcha\2023-04-03-12-28-31.jpg|*
|Выберите розовый треугольник| c:\Sikulix_scripts\git_sikulix_taximoney\sikulix_taximoney\captcha\2023-04-03-12-33-11.jpg|*
|Выберите розовый треугольник| c:\Sikulix_scripts\git_sikulix_taximoney\sikulix_taximoney\captcha\2023-04-03-12-41-30.jpg|*
|Выберите розовый треугольник| c:\Sikulix_scripts\git_sikulix_taximoney\sikulix_taximoney\captcha\2023-04-03-12-43-03.jpg|*
|Выберите розовый треугольник| c:\Sikulix_scripts\git_sikulix_taximoney\sikulix_taximoney\captcha\2023-04-03-16-05-10.jpg
|Выберите розовый треугольник| c:\Sikulix_scripts\git_sikulix_taximoney\sikulix_taximoney\captcha\2023-04-03-16-50-28.jpg
|Выберите рыжий круг| c:\Sikulix_scripts\git_sikulix_taximoney\sikulix_taximoney\captcha\2023-04-03-07-09-30.jpg
|Выберите рыжий прямоугольник| c:\Sikulix_scripts\git_sikulix_taximoney\sikulix_taximoney\captcha\2023-04-03-10-03-26.jpg
|Выберите рыжий прямоугольник| c:\Sikulix_scripts\git_sikulix_taximoney\sikulix_taximoney\captcha\2023-04-03-10-07-11.jpg
|Выберите рыжий прямоугольник| c:\Sikulix_scripts\git_sikulix_taximoney\sikulix_taximoney\captcha\2023-04-04-02-01-27.jpg
|Выберите рыжий прямоугольник| c:\Sikulix_scripts\git_sikulix_taximoney\sikulix_taximoney\captcha\2023-04-04-21-29-55.jpg
|Выберите рыжий прямоугольник| c:\Sikulix_scripts\git_sikulix_taximoney\sikulix_taximoney\captcha\2023-04-04-23-38-45.jpg
|Выберите рыжий треугольник| c:\Sikulix_scripts\git_sikulix_taximoney\sikulix_taximoney\captcha\2023-04-03-10-18-32.jpg
|Выберите рыжий треугольник| c:\Sikulix_scripts\git_sikulix_taximoney\sikulix_taximoney\captcha\2023-04-03-12-44-05.jpg
|Выберите рыжий треугольник| c:\Sikulix_scripts\git_sikulix_taximoney\sikulix_taximoney\captcha\2023-04-03-15-40-15.jpg
|Выберите синий квадрат| c:\Sikulix_scripts\git_sikulix_taximoney\sikulix_taximoney\captcha\2023-04-03-12-34-17.jpg
|Выберите синий круг| c:\Sikulix_scripts\git_sikulix_taximoney\sikulix_taximoney\captcha\2023-04-03-02-08-20.jpg
|Выберите синий круг| c:\Sikulix_scripts\git_sikulix_taximoney\sikulix_taximoney\captcha\2023-04-03-15-14-36.jpg
|Выберите синий круг| c:\Sikulix_scripts\git_sikulix_taximoney\sikulix_taximoney\captcha\2023-04-03-16-49-27.jpg
|Выберите синий ромб| c:\Sikulix_scripts\git_sikulix_taximoney\sikulix_taximoney\captcha\2023-04-03-17-22-31.jpg
|Выберите черный 10-угольник| c:\Sikulix_scripts\git_sikulix_taximoney\sikulix_taximoney\captcha\2023-04-03-17-38-13.jpg
|Выберите черный квадрат| c:\Sikulix_scripts\git_sikulix_taximoney\sikulix_taximoney\captcha\2023-04-03-01-22-59.jpg
|Выберите черный квадрат| c:\Sikulix_scripts\git_sikulix_taximoney\sikulix_taximoney\captcha\2023-04-03-01-48-39.jpg
|Выберите черный квадрат| c:\Sikulix_scripts\git_sikulix_taximoney\sikulix_taximoney\captcha\2023-04-03-12-42-31.jpg
|Выберите черный квадрат| c:\Sikulix_scripts\git_sikulix_taximoney\sikulix_taximoney\captcha\2023-04-03-15-15-09.jpg
|Выберите черный квадрат| c:\Sikulix_scripts\git_sikulix_taximoney\sikulix_taximoney\captcha\2023-04-03-17-36-42.jpg
|Выберите черный прямоугольник| c:\Sikulix_scripts\git_sikulix_taximoney\sikulix_taximoney\captcha\2023-04-03-07-45-53.jpg
|Выберите черный прямоугольник| c:\Sikulix_scripts\git_sikulix_taximoney\sikulix_taximoney\captcha\2023-04-03-16-54-32.jpg
|Выберите черный прямоугольник| c:\Sikulix_scripts\git_sikulix_taximoney\sikulix_taximoney\captcha\2023-04-04-01-12-25.jpg
|Выберите черный ромб| c:\Sikulix_scripts\git_sikulix_taximoney\sikulix_taximoney\captcha\2023-04-03-12-42-01.jpg
|Выберите черный ромб| c:\Sikulix_scripts\git_sikulix_taximoney\sikulix_taximoney\captcha\2023-04-03-13-01-29.jpg
|Выберите черный ромб| c:\Sikulix_scripts\git_sikulix_taximoney\sikulix_taximoney\captcha\2023-04-03-17-37-12.jpg
|Выберите черный треугольник| c:\Sikulix_scripts\git_sikulix_taximoney\sikulix_taximoney\captcha\2023-04-03-16-28-09.jpg
|Отнимите от 10 4| c:\Sikulix_scripts\git_sikulix_taximoney\sikulix_taximoney\captcha\2023-04-03-01-22-28.jpg
|Отнимите от 10 5| c:\Sikulix_scripts\git_sikulix_taximoney\sikulix_taximoney\captcha\2023-04-04-21-13-24.jpg
|Отнимите от 10 6| c:\Sikulix_scripts\git_sikulix_taximoney\sikulix_taximoney\captcha\2023-04-05-07-31-33.jpg
|Отнимите от 10 8| c:\Sikulix_scripts\git_sikulix_taximoney\sikulix_taximoney\captcha\2023-04-05-12-06-04.jpg
|Отнимите от 11 8| c:\Sikulix_scripts\git_sikulix_taximoney\sikulix_taximoney\captcha\2023-04-04-09-23-30.jpg
|Отнимите от 12 3| c:\Sikulix_scripts\git_sikulix_taximoney\sikulix_taximoney\captcha\2023-04-03-18-00-43.jpg|*
|Отнимите от 12 3| c:\Sikulix_scripts\git_sikulix_taximoney\sikulix_taximoney\captcha\2023-04-05-08-41-28.jpg|*
|Отнимите от 12 4| c:\Sikulix_scripts\git_sikulix_taximoney\sikulix_taximoney\captcha\2023-04-04-11-18-33.jpg
|Отнимите от 12 6| c:\Sikulix_scripts\git_sikulix_taximoney\sikulix_taximoney\captcha\2023-04-05-09-35-35.jpg
|Отнимите от 12 9| c:\Sikulix_scripts\git_sikulix_taximoney\sikulix_taximoney\captcha\2023-04-04-11-19-06.jpg
|Отнимите от 13 10| c:\Sikulix_scripts\git_sikulix_taximoney\sikulix_taximoney\captcha\2023-04-04-09-35-21.jpg
|Отнимите от 13 3| c:\Sikulix_scripts\git_sikulix_taximoney\sikulix_taximoney\captcha\2023-04-05-10-59-27.jpg|*
|Отнимите от 13 4| c:\Sikulix_scripts\git_sikulix_taximoney\sikulix_taximoney\captcha\2023-04-03-17-35-39.jpg|*
|Отнимите от 13 4| c:\Sikulix_scripts\git_sikulix_taximoney\sikulix_taximoney\captcha\2023-04-04-07-37-13.jpg|*
|Отнимите от 13 6| c:\Sikulix_scripts\git_sikulix_taximoney\sikulix_taximoney\captcha\2023-04-04-07-55-02.jpg
|Отнимите от 14 8| c:\Sikulix_scripts\git_sikulix_taximoney\sikulix_taximoney\captcha\2023-04-03-15-39-44.jpg
|Поделите 20 на 5| c:\Sikulix_scripts\git_sikulix_taximoney\sikulix_taximoney\captcha\2023-04-04-20-58-57.jpg
|Поделите 30 на 2| c:\Sikulix_scripts\git_sikulix_taximoney\sikulix_taximoney\captcha\2023-04-04-22-08-56.jpg
|Поделите 40 на 10| c:\Sikulix_scripts\git_sikulix_taximoney\sikulix_taximoney\captcha\2023-04-04-12-45-26.jpg
|Поделите 40 на 10| c:\Sikulix_scripts\git_sikulix_taximoney\sikulix_taximoney\captcha\2023-04-04-12-54-57.jpg
|Поделите 40 на 2| c:\Sikulix_scripts\git_sikulix_taximoney\sikulix_taximoney\captcha\2023-04-04-10-12-05.jpg
|Поделите 50 на 5| c:\Sikulix_scripts\git_sikulix_taximoney\sikulix_taximoney\captcha\2023-04-04-12-45-59.jpg|*
|Поделите 60 на 2| c:\Sikulix_scripts\git_sikulix_taximoney\sikulix_taximoney\captcha\2023-04-03-14-48-55.jpg
|Поделите 60 на 5| c:\Sikulix_scripts\git_sikulix_taximoney\sikulix_taximoney\captcha\2023-04-05-08-29-25.jpg
|Поделите 70 на 2| c:\Sikulix_scripts\git_sikulix_taximoney\sikulix_taximoney\captcha\2023-04-05-00-53-46.jpg
|Поделите 70 на 5| c:\Sikulix_scripts\git_sikulix_taximoney\sikulix_taximoney\captcha\2023-04-04-11-01-35.jpg
|Поделите 80 на 10| c:\Sikulix_scripts\git_sikulix_taximoney\sikulix_taximoney\captcha\2023-04-04-07-38-57.jpg
|Поделите 80 на 5| c:\Sikulix_scripts\git_sikulix_taximoney\sikulix_taximoney\captcha\2023-04-03-12-33-42.jpg
|Поделите 80 на 5| c:\Sikulix_scripts\git_sikulix_taximoney\sikulix_taximoney\captcha\2023-04-04-07-58-37.jpg
|Поделите 90 на 10| c:\Sikulix_scripts\git_sikulix_taximoney\sikulix_taximoney\captcha\2023-04-03-07-39-28.jpg|*
|Поделите 90 на 5| c:\Sikulix_scripts\git_sikulix_taximoney\sikulix_taximoney\captcha\2023-04-05-09-07-47.jpg
|Помножьте 2 на 2| c:\Sikulix_scripts\git_sikulix_taximoney\sikulix_taximoney\captcha\2023-04-03-12-40-26.jpg
|Помножьте 2 на 3| c:\Sikulix_scripts\git_sikulix_taximoney\sikulix_taximoney\captcha\2023-04-04-10-13-08.jpg
|Помножьте 2 на 3| c:\Sikulix_scripts\git_sikulix_taximoney\sikulix_taximoney\captcha\2023-04-04-12-16-09.jpg
|Помножьте 2 на 3| c:\Sikulix_scripts\git_sikulix_taximoney\sikulix_taximoney\captcha\2023-04-04-13-34-13.jpg
|Помножьте 2 на 3| c:\Sikulix_scripts\git_sikulix_taximoney\sikulix_taximoney\captcha\2023-04-04-13-34-44.jpg
|Помножьте 2 на 3| c:\Sikulix_scripts\git_sikulix_taximoney\sikulix_taximoney\captcha\2023-04-04-22-03-14.jpg
|Помножьте 2 на 4| c:\Sikulix_scripts\git_sikulix_taximoney\sikulix_taximoney\captcha\2023-04-04-02-14-02.jpg
|Помножьте 2 на 4| c:\Sikulix_scripts\git_sikulix_taximoney\sikulix_taximoney\captcha\2023-04-04-07-54-31.jpg
|Помножьте 2 на 4| c:\Sikulix_scripts\git_sikulix_taximoney\sikulix_taximoney\captcha\2023-04-05-11-09-31.jpg
|Помножьте 3 на 2| c:\Sikulix_scripts\git_sikulix_taximoney\sikulix_taximoney\captcha\2023-04-03-14-13-16.jpg|*
|Помножьте 3 на 2| c:\Sikulix_scripts\git_sikulix_taximoney\sikulix_taximoney\captcha\2023-04-03-17-09-31.jpg|*
|Помножьте 3 на 2| c:\Sikulix_scripts\git_sikulix_taximoney\sikulix_taximoney\captcha\2023-04-04-23-39-50.jpg|*
|Помножьте 3 на 2| c:\Sikulix_scripts\git_sikulix_taximoney\sikulix_taximoney\captcha\2023-04-05-00-57-50.jpg|*
|Помножьте 3 на 3| c:\Sikulix_scripts\git_sikulix_taximoney\sikulix_taximoney\captcha\2023-04-03-12-40-59.jpg|*
|Помножьте 3 на 3| c:\Sikulix_scripts\git_sikulix_taximoney\sikulix_taximoney\captcha\2023-04-03-18-00-10.jpg|*
|Помножьте 3 на 3| c:\Sikulix_scripts\git_sikulix_taximoney\sikulix_taximoney\captcha\2023-04-04-23-37-06.jpg|*
|Помножьте 4 на 2| c:\Sikulix_scripts\git_sikulix_taximoney\sikulix_taximoney\captcha\2023-04-04-13-03-41.jpg
|Помножьте 4 на 3| c:\Sikulix_scripts\git_sikulix_taximoney\sikulix_taximoney\captcha\2023-04-03-07-33-52.jpg
|Помножьте 4 на 3| c:\Sikulix_scripts\git_sikulix_taximoney\sikulix_taximoney\captcha\2023-04-05-08-52-57.jpg
|Помножьте 4 на 3| c:\Sikulix_scripts\git_sikulix_taximoney\sikulix_taximoney\captcha\2023-04-05-11-00-02.jpg
|Помножьте 4 на 4| c:\Sikulix_scripts\git_sikulix_taximoney\sikulix_taximoney\captcha\2023-04-03-10-59-13.jpg
|Помножьте 4 на 4| c:\Sikulix_scripts\git_sikulix_taximoney\sikulix_taximoney\captcha\2023-04-03-12-32-40.jpg
|Помножьте 4 на 4| c:\Sikulix_scripts\git_sikulix_taximoney\sikulix_taximoney\captcha\2023-04-04-07-56-05.jpg
|Помножьте 4 на 4| c:\Sikulix_scripts\git_sikulix_taximoney\sikulix_taximoney\captcha\2023-04-04-12-17-55.jpg
|Произведение 4 и 3| c:\Sikulix_scripts\git_sikulix_taximoney\sikulix_taximoney\captcha\2023-04-05-10-37-27.jpg
|Сложите 1 , 1 + 8| c:\Sikulix_scripts\git_sikulix_taximoney\sikulix_taximoney\captcha\2023-04-04-12-16-41.jpg|*
|Сложите 1 , 6 + 3| c:\Sikulix_scripts\git_sikulix_taximoney\sikulix_taximoney\captcha\2023-04-04-22-03-45.jpg|*
|Сложите 2 , 2 + 7| c:\Sikulix_scripts\git_sikulix_taximoney\sikulix_taximoney\captcha\2023-04-04-02-13-31.jpg|*
|Сложите 2,6 + 5| c:\Sikulix_scripts\git_sikulix_taximoney\sikulix_taximoney\captcha\2023-04-05-12-29-34.jpg
|Сложите 3, 2 + 3| c:\Sikulix_scripts\git_sikulix_taximoney\sikulix_taximoney\captcha\2023-04-04-21-59-46.jpg
|Сложите 3,6 + 3| c:\Sikulix_scripts\git_sikulix_taximoney\sikulix_taximoney\captcha\2023-04-03-12-43-33.jpg
|Сложите 3,6 + 3| c:\Sikulix_scripts\git_sikulix_taximoney\sikulix_taximoney\captcha\2023-04-04-22-54-35.jpg
|Сложите 4 , 7 + 8| c:\Sikulix_scripts\git_sikulix_taximoney\sikulix_taximoney\captcha\2023-04-05-11-36-33.jpg
|Сложите 4, 5 + 8| c:\Sikulix_scripts\git_sikulix_taximoney\sikulix_taximoney\captcha\2023-04-04-01-23-57.jpg
|Сложите 7 , 6 + 1| c:\Sikulix_scripts\git_sikulix_taximoney\sikulix_taximoney\captcha\2023-04-04-13-04-14.jpg
|Сложите 7, 7 + 3| c:\Sikulix_scripts\git_sikulix_taximoney\sikulix_taximoney\captcha\2023-04-04-12-19-33.jpg
|Сложите 8 , 5 + 7| c:\Sikulix_scripts\git_sikulix_taximoney\sikulix_taximoney\captcha\2023-04-04-23-03-06.jpg
|Сложите1 и 2| c:\Sikulix_scripts\git_sikulix_taximoney\sikulix_taximoney\captcha\2023-04-03-17-05-20.jpg
|Сложите3 и 3| c:\Sikulix_scripts\git_sikulix_taximoney\sikulix_taximoney\captcha\2023-04-04-11-50-29.jpg|*
|Сложите4 и 1| c:\Sikulix_scripts\git_sikulix_taximoney\sikulix_taximoney\captcha\2023-04-04-10-07-29.jpg
|Сложите4 и 5| c:\Sikulix_scripts\git_sikulix_taximoney\sikulix_taximoney\captcha\2023-04-04-09-34-51.jpg|*
|Сложите4 и 6| c:\Sikulix_scripts\git_sikulix_taximoney\sikulix_taximoney\captcha\2023-04-04-08-45-20.jpg|*
|Сложите5 и 1| c:\Sikulix_scripts\git_sikulix_taximoney\sikulix_taximoney\captcha\2023-04-03-15-16-43.jpg|*
|Сложите5 и 3| c:\Sikulix_scripts\git_sikulix_taximoney\sikulix_taximoney\captcha\2023-04-04-02-26-21.jpg
|Сложите5 и 5| c:\Sikulix_scripts\git_sikulix_taximoney\sikulix_taximoney\captcha\2023-04-03-14-12-45.jpg|*
|Сложите5 и б| c:\Sikulix_scripts\git_sikulix_taximoney\sikulix_taximoney\captcha\2023-04-03-15-01-38.jpg|*
|Сложите7 и 3| c:\Sikulix_scripts\git_sikulix_taximoney\sikulix_taximoney\captcha\2023-04-04-21-44-35.jpg|*
|Сложите8 и 2| c:\Sikulix_scripts\git_sikulix_taximoney\sikulix_taximoney\captcha\2023-04-04-10-12-35.jpg|*
|Сложитеб и б| c:\Sikulix_scripts\git_sikulix_taximoney\sikulix_taximoney\captcha\2023-04-03-17-36-11.jpg
|Сосчитайте 10 - 1 - 7| c:\Sikulix_scripts\git_sikulix_taximoney\sikulix_taximoney\captcha\2023-04-03-17-05-52.jpg
|Сосчитайте 10 - 3 - 2| c:\Sikulix_scripts\git_sikulix_taximoney\sikulix_taximoney\captcha\2023-04-03-16-40-58.jpg
|Сосчитайте 10 - 3 - 4| c:\Sikulix_scripts\git_sikulix_taximoney\sikulix_taximoney\captcha\2023-04-03-15-02-12.jpg
|Сосчитайте 10 - 5 - 2| c:\Sikulix_scripts\git_sikulix_taximoney\sikulix_taximoney\captcha\2023-04-03-13-02-00.jpg
|Сосчитайте 10 - 5 - 4| c:\Sikulix_scripts\git_sikulix_taximoney\sikulix_taximoney\captcha\2023-04-04-22-02-40.jpg
|Сосчитайте 11 - 2 - 5| c:\Sikulix_scripts\git_sikulix_taximoney\sikulix_taximoney\captcha\2023-04-05-09-06-37.jpg
|Сосчитайте 12 - 2 - 1| c:\Sikulix_scripts\git_sikulix_taximoney\sikulix_taximoney\captcha\2023-04-04-11-47-16.jpg|*
|Сосчитайте 12 - 9 - 1| c:\Sikulix_scripts\git_sikulix_taximoney\sikulix_taximoney\captcha\2023-04-04-09-45-47.jpg
|Сосчитайте 13 - 12 - 0| c:\Sikulix_scripts\git_sikulix_taximoney\sikulix_taximoney\captcha\2023-04-04-07-58-06.jpg
|Сосчитайте 13 - 2 - 8| c:\Sikulix_scripts\git_sikulix_taximoney\sikulix_taximoney\captcha\2023-04-03-01-34-16.jpg
|Сосчитайте 14 - 12 - 1| c:\Sikulix_scripts\git_sikulix_taximoney\sikulix_taximoney\captcha\2023-04-03-17-21-58.jpg
|Сосчитайте 14 - 4 - 6| c:\Sikulix_scripts\git_sikulix_taximoney\sikulix_taximoney\captcha\2023-04-05-00-27-19.jpg
|Сосчитайте 14 - 9 - 2| c:\Sikulix_scripts\git_sikulix_taximoney\sikulix_taximoney\captcha\2023-04-04-10-11-32.jpg
|Сумма чисел 1, 3 и 6| c:\Sikulix_scripts\git_sikulix_taximoney\sikulix_taximoney\captcha\2023-04-03-14-27-53.jpg|*
|Сумма чисел 1, 8 и б| c:\Sikulix_scripts\git_sikulix_taximoney\sikulix_taximoney\captcha\2023-04-03-14-11-06.jpg
|Сумма чисел 2, 1 и 3| c:\Sikulix_scripts\git_sikulix_taximoney\sikulix_taximoney\captcha\2023-04-03-16-27-35.jpg|*
|Сумма чисел 2, 1 и 3| c:\Sikulix_scripts\git_sikulix_taximoney\sikulix_taximoney\captcha\2023-04-04-11-17-25.jpg|*
|Сумма чисел 2, 2 и 3| c:\Sikulix_scripts\git_sikulix_taximoney\sikulix_taximoney\captcha\2023-04-04-12-18-26.jpg
|Сумма чисел 2, 2 и 3| c:\Sikulix_scripts\git_sikulix_taximoney\sikulix_taximoney\captcha\2023-04-04-22-00-59.jpg
|Сумма чисел 2, 3 и б| c:\Sikulix_scripts\git_sikulix_taximoney\sikulix_taximoney\captcha\2023-04-03-14-26-43.jpg|*
|Сумма чисел 3, 1 и 2| c:\Sikulix_scripts\git_sikulix_taximoney\sikulix_taximoney\captcha\2023-04-04-11-03-51.jpg
|Сумма чисел 4, 2 и 3| c:\Sikulix_scripts\git_sikulix_taximoney\sikulix_taximoney\captcha\2023-04-04-23-38-11.jpg|*
|Сумма чисел 5, 1 и б| c:\Sikulix_scripts\git_sikulix_taximoney\sikulix_taximoney\captcha\2023-04-04-23-06-31.jpg
|Сумма чисел 5, 2 и 1| c:\Sikulix_scripts\git_sikulix_taximoney\sikulix_taximoney\captcha\2023-04-05-09-48-47.jpg
|Сумма чисел 5, 4 и 7| c:\Sikulix_scripts\git_sikulix_taximoney\sikulix_taximoney\captcha\2023-04-03-17-23-04.jpg
|Сумма чисел 5, 4 и 8| c:\Sikulix_scripts\git_sikulix_taximoney\sikulix_taximoney\captcha\2023-04-04-02-27-34.jpg
|Сумма чисел 5, 5 и 8| c:\Sikulix_scripts\git_sikulix_taximoney\sikulix_taximoney\captcha\2023-04-04-13-35-48.jpg
|Сумма чисел 6, 4 и 7| c:\Sikulix_scripts\git_sikulix_taximoney\sikulix_taximoney\captcha\2023-04-04-07-36-41.jpg
|Сумма чисел 7, 1 и 1| c:\Sikulix_scripts\git_sikulix_taximoney\sikulix_taximoney\captcha\2023-04-03-10-17-29.jpg|*
|Сумма чисел 8, 3 и 3| c:\Sikulix_scripts\git_sikulix_taximoney\sikulix_taximoney\captcha\2023-04-05-00-27-54.jpg
|Сумма чисел 8, 3 и б| c:\Sikulix_scripts\git_sikulix_taximoney\sikulix_taximoney\captcha\2023-04-05-10-38-02.jpg
|Сумма чисел 2, 1 и 2| c:\Sikulix_scripts\git_sikulix_taximoney\sikulix_taximoney\captcha\2023-04-05-12-48-49.jpg|Выберите рыжий прямоугольник| c:\Sikulix_scripts\git_sikulix_taximoney\sikulix_taximoney\captcha\2023-04-05-13-13-26.jpg
|4 плюс 5 + 5| c:\Sikulix_scripts\git_sikulix_taximoney\sikulix_taximoney\captcha\2023-04-05-13-26-55.jpg
|Отнимите от 14 1| c:\Sikulix_scripts\git_sikulix_taximoney\sikulix_taximoney\captcha\2023-04-05-13-28-08.jpg
|+4 4 + 4| c:\Sikulix_scripts\git_sikulix_taximoney\sikulix_taximoney\captcha\2023-04-05-13-30-57.jpg
|50: 5| c:\Sikulix_scripts\git_sikulix_taximoney\sikulix_taximoney\captcha\2023-04-05-13-32-05.jpg
|Выберите зеленый прямоугольник| c:\Sikulix_scripts\git_sikulix_taximoney\sikulix_taximoney\captcha\2023-04-05-13-33-50.jpg
|Сосчитайте 13 - 8 - 3| c:\Sikulix_scripts\git_sikulix_taximoney\sikulix_taximoney\captcha\2023-04-05-13-34-22.jpg
|Выберите зеленый прямоугольник| c:\Sikulix_scripts\git_sikulix_taximoney\sikulix_taximoney\captcha\2023-04-05-13-34-56.jpg
|Сумма чисел 5, 8 и 3| c:\Sikulix_scripts\git_sikulix_taximoney\sikulix_taximoney\captcha\2023-04-05-13-35-28.jpg
|Выберите черный прямоугольник| c:\Sikulix_scripts\git_sikulix_taximoney\sikulix_taximoney\captcha\2023-04-05-13-36-02.jpg
|1 + 6| c:\Sikulix_scripts\git_sikulix_taximoney\sikulix_taximoney\captcha\2023-04-05-13-36-34.jpg
|Сложите 6 , 6 + 3| c:\Sikulix_scripts\git_sikulix_taximoney\sikulix_taximoney\captcha\2023-04-05-13-37-08.jpg
|8 + 2| c:\Sikulix_scripts\git_sikulix_taximoney\sikulix_taximoney\captcha\2023-04-05-13-37-50.jpg|*
|Сумма чисел 7, 3 и 8| c:\Sikulix_scripts\git_sikulix_taximoney\sikulix_taximoney\captcha\2023-04-05-13-38-27.jpg
|Выберите рыжий прямоугольник| c:\Sikulix_scripts\git_sikulix_taximoney\sikulix_taximoney\captcha\2023-04-05-14-07-33.jpg
|Сосчитайте 11 - 5 - 2| c:\Sikulix_scripts\git_sikulix_taximoney\sikulix_taximoney\captcha\2023-04-05-14-19-49.jpg
|Отнимите от 13 6| c:\Sikulix_scripts\git_sikulix_taximoney\sikulix_taximoney\captcha\2023-04-05-14-39-10.jpg
|Помножьте 3 на 3| c:\Sikulix_scripts\git_sikulix_taximoney\sikulix_taximoney\captcha\2023-04-05-14-41-36.jpg
70:5 c:\Sikulix_scripts\git_sikulix_taximoney\sikulix_taximoney\captcha\2023-04-05-14-48-09.jpg
|Произведение 3 и 2| c:\Sikulix_scripts\git_sikulix_taximoney\sikulix_taximoney\captcha\2023-04-05-15-00-35.jpg|*
|Сложите 4 , 2 + 6| c:\Sikulix_scripts\git_sikulix_taximoney\sikulix_taximoney\captcha\2023-04-05-15-11-54.jpg|*
|Сумма чисел 4, 8 и 3| c:\Sikulix_scripts\git_sikulix_taximoney\sikulix_taximoney\captcha\2023-04-05-15-23-47.jpg
|Сумма чисел 3, 4 и 6| c:\Sikulix_scripts\git_sikulix_taximoney\sikulix_taximoney\captcha\2023-04-05-15-24-25.jpg
|Помножьте 4 на 4| c:\Sikulix_scripts\git_sikulix_taximoney\sikulix_taximoney\captcha\2023-04-05-15-25-04.jpg
|Сложите 7 , 2 + 3| c:\Sikulix_scripts\git_sikulix_taximoney\sikulix_taximoney\captcha\2023-04-05-15-38-20.jpg|*
|Поделите 50 на 10| c:\Sikulix_scripts\git_sikulix_taximoney\sikulix_taximoney\captcha\2023-04-05-15-38-56.jpg
|Выберите зеленый прямоугольник| c:\Sikulix_scripts\git_sikulix_taximoney\sikulix_taximoney\captcha\2023-04-05-15-39-29.jpg
|Отнимите от 12 9| c:\Sikulix_scripts\git_sikulix_taximoney\sikulix_taximoney\captcha\2023-04-05-16-13-19.jpg
|1 плюс 1 + 6| c:\Sikulix_scripts\git_sikulix_taximoney\sikulix_taximoney\captcha\2023-04-05-16-14-29.jpg
